name,game_id,type,rating,weight,year_published,min_players,max_players,min_play_time,max_play_time,min_age,owned_by,categories,mechanics,designers,artists,publishers
CATAN,13,boardgame,7.10442,2.2991,1995,3,4,60,120,10,195083,"Economic, Negotiation","Dice Rolling, Hexagon Grid, Income, Modular Board, Negotiation, Network and Route Building, Race, Random Production, Trading, Variable Set-up",Klaus Teuber,"Volkan Baga, Tanja Donner, Pete Fenlon, Jason Hawkins, Michaela Kienle, Andreas Klober, Harald Lieske, Michael Menzel, Marion Pott, Andreas Resch, Matt Schwabel, Franz Vohwinkel, Stephen Graham Walsh","KOSMOS, 999 Games, Albi, Asmodee, Astrel Games, Brain Games, Broadway Toys LTD, Capcom Co., Ltd., Catan Studio, Competo / Marektoy, danspil, Descartes Editeur, Devir, Dexy Co, Enigma (Bergsala Enigma), Eurogames, Filosofia Éditions, Galakta, Giochi Uniti, GP Games, Grow Jogos e Brinquedos, HaKubia, Hanayama, Hobby World, Ideal Board Games, Igroljub, IntelliGames.BG, Ísöld ehf., Kaissa Chess & Games, Korea Boardgames Co., Ltd., L&M Games, Laser plus, Lautapelit.fi, Logojogos, Mayfair Games, MIPL, Ninive Games, Paper Iyagi, Piatnik, Smart Ltd, Spilbræt.dk, Stupor Mundi, SuperHeated Neurons, Swan Panasia Co., Ltd., Tilsit, Top Toys, TRY SOFT, Vennerød Forlag AS"
Pandemic,30549,boardgame,7.54637,2.4016,2008,2,4,45,45,8,192956,Medical,"Action Points, Cooperative Game, Hand Management, Point to Point Movement, Set Collection, Tags, Variable Player Powers",Matt Leacock,"Josh Cappel, Christian Hanisch, Régis Moulun, Chris Quilliams, Tom Thiel","Z-Man Games, ADC Blackfire Entertainment, Albi, Asterion Press, Boardgame Space, Brain Games, Devir, Enigma (Bergsala Enigma), Filosofia Éditions, Galápagos Jogos, Gém Klub Kft., HaKubia, Hobby Japan, HomoLudicus, Jolly Thinkers, Kaissa Chess & Games, Korea Boardgames Co., Ltd., Lacerta, Lautapelit.fi, Lifestyle Boardgames Ltd, MINDOK, Nordic Games GmbH, Paladium Games, Pegasus Spiele, Quined White Goblin Games, Rebel Sp. z o.o., Siam Board Games, Stratelibri, Wargames Club Publishing, White Goblin Games, Zhiyanjia, Ігромаг, Взрослые дети"
Carcassonne,822,boardgame,7.41002,1.8969,2000,2,5,30,45,7,184276,"City Building, Medieval, Territory Building","Area Majority / Influence, Map Addition, Pattern Recognition, Tile Placement",Klaus-Jürgen Wrede,"Marcel Gröber, Doris Matthäus, Anne Pätzke, Chris Quilliams, Franz-Georg Stämmele, Klaus-Jürgen Wrede","Hans im Glück, 999 Games, Albi, Bard Centrum Gier, Brain Games, cutia.ro, Devir, Enigma (Bergsala Enigma), Fantasmagoria, Feelindigo, Filosofia Éditions, Giochi Uniti, Grow Jogos e Brinquedos, Hobby World, Ísöld ehf., Kaissa Chess & Games, Korea Boardgames Co., Ltd., Lautapelit.fi, Midgaard Games, MINDOK, Möbius Games, Monkey Time, NeoTroy Games, Nordic Games ehf, Paper Iyagi, Piatnik, Ponva d.o.o., Rio Grande Games, Schmidt Spiele, Smart Ltd, Stupor Mundi, SuperHeated Neurons, Swan Panasia Co., Ltd., Venice Connection, Ventura Games, Z-Man Games"
Codenames,178900,boardgame,7.55349,1.2662,2015,2,8,15,15,14,143576,"Card Game, Deduction, Party Game, Spies/Secret Agents, Word Game","Communication Limits, Memory, Push Your Luck, Team-Based Game",Vlaada Chvátil,"Stéphane Gantiez, Tomáš Kučerovský, Filip Murmak","Czech Games Edition, Asmodee, Boardgame Space, Brain Games, Broadway Toys LTD, Cranio Creations, Cuaca Cerah Games, Devir, DiceTree Games, Enigma (Bergsala Enigma), Fantasmagoria, Feelindigo, GaGa Games, Gém Klub Kft., Golden Egg Games, Heidelberger Spieleverlag, Hobby Japan, IELLO, Kaissa Chess & Games, Land of Beautiful Mind (سرزمین ذهن زیبا), Lex Games, MINDOK, MIPL, More Fun Co., Ltd., Nordic Games ehf, Nordic Games GmbH, One Moment Games, Ponva d.o.o., Pridemage Games, Rebel Sp. z o.o., SuperHeated Neurons, TWOPLUS Games, White Goblin Games"
7 Wonders Duel,173346,boardgame,8.09787,2.2268,2015,2,2,30,30,10,143258,"Ancient, Card Game, City Building, Civilization, Economic","End Game Bonuses, Income, Layering, Market, Modular Board, Multi-Use Cards, Once-Per-Game Abilities, Open Drafting, Set Collection, Sudden Death Ending, Tags, Tech Trees / Tech Tracks, Tug of War, Variable Player Powers, Variable Set-up, Victory Points as a Resource","Antoine Bauza, Bruno Cathala",Miguel Coimbra,"Repos Production, ADC Blackfire Entertainment, Asterion Press, Galápagos Jogos, Gém Klub Kft., Hobby Japan, KADABRA, Kaissa Chess & Games, Korea Boardgames Co., Ltd., Lautapelit.fi, Lifestyle Boardgames Ltd, Ludicus, Ponva d.o.o., Pridemage Games, Rebel Sp. z o.o., Siam Board Games, Sombreros Production, Ігромаг"
7 Wonders,68448,boardgame,7.69278,2.3197,2010,2,7,30,30,10,136006,"Ancient, Card Game, City Building, Civilization, Economic","Closed Drafting, Hand Management, Neighbor Scope, Set Collection, Simultaneous Action Selection, Variable Player Powers",Antoine Bauza,"Dimitri Chappuis, Miguel Coimbra, Etienne Hebinger, Cyril Nouvel","Repos Production, ADC Blackfire Entertainment, Asterion Press, Galápagos Jogos, Gém Klub Kft., Hobby Japan, Kaissa Chess & Games, Korea Boardgames Co., Ltd., Lautapelit.fi, Lifestyle Boardgames Ltd, NeoTroy Games, Rebel Sp. z o.o., Siam Board Games"
Azul,230802,boardgame,7.75956,1.7592,2017,2,4,30,45,8,129897,"Abstract Strategy, Puzzle, Renaissance","End Game Bonuses, Open Drafting, Pattern Building, Tile Placement, Turn Order: Claim Action",Michael Kiesling,"Philippe Guérin, Chris Quilliams","Next Move Games, Plan B Games, Asmodee, Broadway Toys LTD, Divercentro, Galápagos Jogos, Gém Klub Kft., Ghenos Games, Green Elephant Games, Hobby Japan, KADABRA, Kaissa Chess & Games, Korea Boardgames Co., Ltd., Lacerta, MINDOK, MIPL, Orangutan Games, Pegasus Spiele, Rebel Sp. z o.o., SuperHeated Neurons, Tower Tactic Games, TWOPLUS Games, Zvezda, Бельвіль"
Wingspan,266192,boardgame,8.0682,2.4552,2019,1,5,40,70,10,128318,"Animals, Card Game, Educational","Contracts, Dice Rolling, End Game Bonuses, Hand Management, Once-Per-Game Abilities, Open Drafting, Set Collection, Solo / Solitaire Game, Turn Order: Progressive",Elizabeth Hargrave,"Ana Maria Martinez Jaramillo, Natalia Rojas, Greg May, Beth Sobel","Stonemaier Games, 999 Games, Angry Lion Games, Arclight Games, Asmodee, Bluebird Games, Brain Games, Delta Vision Publishing, Divercentro, Feuerland Spiele, Ghenos Games, Green Elephant Games, Kaissa Chess & Games, Korea Boardgames Co., Ltd., Lautapelit.fi, Lavka Games, Ludofy Creative, Maldito Games, Matagot, MINDOK, MIPL, NeoTroy Games, Rebel Sp. z o.o., Regatul Jocurilor, Siam Board Games, Surfin' Meeple China, Ігромаг"
Terraforming Mars,167791,boardgame,8.37115,3.2586,2016,1,5,120,120,12,127832,"Economic, Environmental, Industry / Manufacturing, Science Fiction, Space Exploration, Territory Building","Closed Drafting, Contracts, Enclosure, End Game Bonuses, Hand Management, Hexagon Grid, Income, Set Collection, Solo / Solitaire Game, Tags, Take That, Tech Trees / Tech Tracks, Tile Placement, Turn Order: Progressive, Variable Player Powers, Variable Set-up, Victory Points as a Resource",Jacob Fryxelius,"Isaac Fryxelius, Daniel Fryxelius","FryxGames, Arclight Games, Brädspel.se, Fantasmagoria, Ghenos Games, Green Elephant Games, Intrafin Games, Kaissa Chess & Games, Kilogames, Korea Boardgames Co., Ltd., Lautapelit.fi, Lavka Games, Lex Games, Maldito Games, MeepleBR, MINDOK, MIPL, MYBG Co., Ltd., NeoTroy Games, Rebel Sp. z o.o., Reflexshop, Schwerkraft-Verlag, Siam Board Games, Stronghold Games, SuperHeated Neurons, Surfin' Meeple China"
Ticket to Ride,9209,boardgame,7.39597,1.8337,2004,2,5,30,60,8,122961,Trains,"Connections, Contracts, End Game Bonuses, Hand Management, Network and Route Building, Open Drafting, Push Your Luck, Set Collection",Alan R. Moon,"Cyrille Daujean, Julien Delval","Days of Wonder, ADC Blackfire Entertainment, Bandai, Boardgame Space, Edge Entertainment, Enigma (Bergsala Enigma), Galápagos Jogos, Giochi Uniti, Happy Baobab, Hobby Japan, Hobby World, Kaissa Chess & Games, Korea Boardgames Co., Ltd., Lautapelit.fi, Nordic Games GmbH, Rebel Sp. z o.o., Siam Board Games, Swan Panasia Co., Ltd."
Dominion,36218,boardgame,7.59863,2.3494,2008,2,4,30,30,13,116921,"Card Game, Medieval","Deck, Bag, and Pool Building, Delayed Purchase, Hand Management, Open Drafting, Take That, Variable Set-up",Donald X. Vaccarino,"Matthias Catrein, Julien Delval, Tomasz Jedruszek, Ryan Laukat, Harald Lieske, Michael Menzel, Marcel-André Casasola Merkle, Claus Stephan, Christof Tisch","Rio Grande Games, 999 Games, Albi, Bard Centrum Gier, Conclave Editora, cutia.ro, Devir, Filosofia Éditions, Games Factory Publishing, Gém Klub Kft., Hans im Glück, Hobby Japan, Hobby World, Kaissa Chess & Games, Korea Boardgames Co., Ltd., Lautapelit.fi, Martinex, Runadrake, Smart Ltd, Stupor Mundi, Swan Panasia Co., Ltd., Vennerød Forlag AS, Ystari Games"
Splendor,148228,boardgame,7.42348,1.7823,2014,2,4,30,30,10,111048,"Card Game, Economic, Renaissance","Contracts, Open Drafting, Race, Set Collection",Marc André,Pascal Quidault,"Space Cowboys, Asterion Press, Board Game VN, Boardgame Space, Brain Games, Broadway Toys LTD, CoolPlay, Enigma (Bergsala Enigma), Filosofia Éditions, Galápagos Jogos, Gém Klub Kft., GoKids 玩樂小子, HaKubia, Hobby Japan, JD Éditions, Kaissa Chess & Games, Korea Boardgames Co., Ltd., Lautapelit.fi, Lex Games, Lifestyle Boardgames Ltd, Morapiaf, NeoTroy Games, Rebel Sp. z o.o., Siam Board Games, Z-Man Games, Бельвіль"
Ticket to Ride: Europe,14996,boardgame,7.53009,1.9218,2005,2,5,30,60,8,109896,Trains,"Connections, Contracts, End Game Bonuses, Hand Management, Network and Route Building, Open Drafting, Push Your Luck, Set Collection",Alan R. Moon,"Cyrille Daujean, Julien Delval","Days of Wonder, ADC Blackfire Entertainment, Asterion Press, Boardgame Space, Compaya.hu: Gamer Café Kft., Edge Entertainment, Enigma (Bergsala Enigma), Galápagos Jogos, Gém Klub Kft., GoKids 玩樂小子, Happy Baobab, Hobby Japan, Hobby World, KADABRA, Kaissa Chess & Games, KDS Distribuzione, Korea Boardgames Co., Ltd., Lautapelit.fi, Lord of Boards, Nordic Games GmbH, Ponva d.o.o., Rebel Sp. z o.o., Runadrake, Smart Ltd"
Love Letter,129622,boardgame,7.22482,1.1863,2012,2,4,20,20,10,107401,"Card Game, Deduction, Renaissance","Deduction, Hand Management, Player Elimination, Score-and-Reset Game, Take That",Seiji Kanai,"Kali Fitzgerald, Andrew Hepworth, Jeff Himmelman, John Kovalic, Nina Matsumoto, Robb Miller, Ken Niimura, Noboru Sugiura, Yating Sun, 田中寛崇 (Tanaka Hirotaka)","Alderac Entertainment Group, Kanai Factory, (Web published), 963.com, 999 Games, Arclight Games, Asmodee, Bard Centrum Gier, Black Monk, BoardM Factory, Brain Games, cutia.ro, Delta Vision Publishing, Devir, Filosofia Éditions, Galápagos Jogos, Gentosha Education, Hobby World, HomoLudicus, Japon Brand, Kaissa Chess & Games, Lautapelit.fi, Magpie (Korean Co), MINDOK, Pegasus Spiele, Siam Board Games, Steve Jackson Games, Swan Panasia Co., Ltd., uplay.it edizioni, Z-Man Games"
Scythe,169786,boardgame,8.16284,3.4407,2016,1,5,90,115,14,106623,"Economic, Fighting, Science Fiction, Territory Building","Area Majority / Influence, Card Play Conflict Resolution, Contracts, End Game Bonuses, Force Commitment, Grid Movement, Hexagon Grid, King of the Hill, Movement Points, Solo / Solitaire Game, Take That, Tech Trees / Tech Tracks, Variable Player Powers, Variable Set-up, Victory Points as a Resource, Zone of Control",Jamey Stegmaier,Jakub Rozalski,"Stonemaier Games, Albi, Angry Lion Games, Arclight Games, CrowD Games, Delta Vision Publishing, Feuerland Spiele, Fire on Board Jogos, Galápagos Jogos, Geekach Games, Ghenos Games, Korea Boardgames Co., Ltd., Ludofy Creative, Maldito Games, Matagot, Morning, PHALANX, Playfun Games, Surfin' Meeple China"
King of Tokyo,70323,boardgame,7.14167,1.4876,2011,2,6,30,30,8,98617,"Dice, Fighting, Movies / TV / Radio theme, Science Fiction","Dice Rolling, Die Icon Resolution, King of the Hill, Open Drafting, Player Elimination, Push Your Luck, Re-rolling and Locking, Tags",Richard Garfield,"Gabriel Butik, Romain Gaschet, Paul Mafayon, Igor Polouchine, Benjamin Raynal, Jean-Baptiste Reynaud, Jonathan Silvestre, Régis Torres, Anthony Wolff","IELLO, Boardgame Space, Brain Games, Bureau de Juegos, Delta Vision Publishing, Devir, Egmont Polska, Enigma (Bergsala Enigma), Fantasmagoria, GaGa Games, Galápagos Jogos, GeGe Co. Ltd., GoKids 玩樂小子, HaKubia, Heidelberger Spieleverlag, Hobby Japan, Hobby World, HomoLudicus, Kaissa Chess & Games, Korea Boardgames Co., Ltd., Lautapelit.fi, Lex Games, Mancalamaro, MESAboardgames, MIPL, Nordic Games ehf, Nordic Games GmbH, Origames, Portal Games, Reflexshop, REXhry, Siam Board Games, Smart Ltd, uplay.it edizioni, Vennerød Forlag AS, Ігромаг"
Patchwork,163412,boardgame,7.60397,1.6054,2014,2,2,15,30,8,96699,"Abstract Strategy, Economic, Puzzle","Grid Coverage, Income, Open Drafting, Rondel, Square Grid, Tile Placement, Turn Order: Stat-Based, Turn Order: Time Track, Victory Points as a Resource",Uwe Rosenberg,"Klemens Franz, Rex Lee, Jolanta Lendzioszek, Gru Tsow","Lookout Games, 999 Games, Brain Games, Compaya.hu: Gamer Café Kft., CrowD Games, Dragonfly Publishing, Funforge, Galápagos Jogos, GeGe Co. Ltd., GoKids 玩樂小子, Hobby Japan, Kaissa Chess & Games, Kilogames, Korea Boardgames Co., Ltd., Lacerta, Lautapelit.fi, Liam Games, Ludicus, Ludofy Creative, Maldito Games, Mayfair Games, MINDOK, NeoTroy Games, Rebel Sp. z o.o., uplay.it edizioni, Нескучные игры"
Small World,40692,boardgame,7.21601,2.3483,2009,2,5,40,80,8,94385,"Fantasy, Fighting, Territory Building","Area Majority / Influence, Area Movement, Dice Rolling, Hidden Victory Points, Increase Value of Unchosen Resources, Variable Player Powers, Variable Set-up, Victory Points as a Resource",Philippe Keyaerts,"Miguel Coimbra, Cyrille Daujean","Days of Wonder, Asmodee, Asterion Press, Compaya.hu: Gamer Café Kft., Edge Entertainment, Enigma (Bergsala Enigma), Galápagos Jogos, Gém Klub Kft., Hobby Japan, Hobby World, Rebel Sp. z o.o., Siam Board Games, Stratelibri"
Gloomhaven,174430,boardgame,8.61311,3.8964,2017,1,4,60,120,14,93026,"Adventure, Exploration, Fantasy, Fighting, Miniatures","Action Queue, Action Retrieval, Campaign / Battle Card Driven, Card Play Conflict Resolution, Communication Limits, Cooperative Game, Critical Hits and Failures, Deck Construction, Grid Movement, Hand Management, Hexagon Grid, Legacy Game, Line of Sight, Modular Board, Multi-Use Cards, Once-Per-Game Abilities, Role Playing, Scenario / Mission / Campaign Game, Simultaneous Action Selection, Solo / Solitaire Game, Tags, Variable Player Powers",Isaac Childres,"Alexandr Elichev, Josh T. McDowell, Alvaro Nebot","Cephalofair Games, Albi, Albi Polska, Arclight Games, Feuerland Spiele, Galápagos Jogos, Games Warehouse, Gém Klub Kft., Hobby World, Korea Boardgames Co., Ltd., MYBG Co., Ltd."
Dixit,39856,boardgame,7.21027,1.2006,2008,3,8,30,30,8,89485,"Card Game, Humor, Party Game","Race, Storytelling, Targeted Clues, Voting",Jean-Louis Roubira,Marie Cardouat,"Libellud, ADC Blackfire Entertainment, Asterion Press, Boardgame Space, Galápagos Jogos, Gém Klub Kft., hobbity.eu, Hobby Japan, KADABRA, Kaissa Chess & Games, Korea Boardgames Co., Ltd., Lautapelit.fi, Maldón, Morapiaf, Nordic Games GmbH, Paladium Games, Rebel Sp. z o.o., Swan Panasia Co., Ltd., Ігромаг"
Munchkin,1927,boardgame,5.87422,1.809,2001,3,6,60,120,10,88754,"Card Game, Fantasy, Fighting, Humor","Hand Management, Take That, Variable Player Powers",Steve Jackson (I),"Alex Fernandez (I), Edwin Huang, John Kovalic, Ian McGinty, Heather Oliver, Philip Reed, Gabby Ruenes","Steve Jackson Games, ADC Blackfire Entertainment, Arclight Games, Asmodee, Black Monk, BoardM Factory, Bureau de Juegos, Buró, Delta Vision Publishing, Devir, Edge Entertainment, Enigma (Bergsala Enigma), Fantasiapelit, Galápagos Jogos, Hobby World, Kaissa Chess & Games, Kuźnia Gier, NeoTroy Games, Outland, Pegasus Spiele, PS-Games, Q-Workshop, Raven Distribution, Silver Stars Publishing, Smart Ltd, Ubik, Wargames Club Publishing, ТРЕТЯ ПЛАНЕТА"
Forbidden Island,65244,boardgame,6.76673,1.7384,2010,2,4,30,30,10,87925,"Adventure, Fantasy","Action Points, Cooperative Game, Grid Movement, Hand Management, Map Reduction, Modular Board, Set Collection, Solo / Solitaire Game, Variable Player Powers",Matt Leacock,C. B. Canga,"Gamewright, ADC Blackfire Entertainment, Arclight Games, AURUM, Inc., Brädspel.se, Cocktail Games, Competo / Marektoy, Devir, FoxMind Israel, Kaissa Chess & Games, Kanga Games, Lex Games, Lifestyle Boardgames Ltd, NeoTroy Games, Rebel Sp. z o.o., Reflexshop, Schmidt Spiele, Spilbræt.dk, uplay.it edizioni, White Goblin Games"
Agricola,31260,boardgame,7.88609,3.637,2007,1,5,30,150,12,83632,"Animals, Economic, Farming","Automatic Resource Growth, Closed Drafting, Enclosure, Hand Management, Increase Value of Unchosen Resources, Solo / Solitaire Game, Turn Order: Claim Action, Variable Player Powers, Worker Placement",Uwe Rosenberg,Klemens Franz,"Lookout Games, 999 Games, Brain Games, Compaya.hu: Gamer Café Kft., Devir, Filosofia Éditions, Funforge, Hobby Japan, Hobby World, HomoLudicus, Korea Boardgames Co., Ltd., Lacerta, MINDOK, Smart Ltd, Stratelibri, Swan Panasia Co., Ltd., Ystari Games, Z-Man Games"
Puerto Rico,3076,boardgame,7.92785,3.2719,2002,3,5,90,150,12,80098,"City Building, Economic, Farming","Action Drafting, End Game Bonuses, Follow, Hidden Victory Points, Increase Value of Unchosen Resources, Turn Order: Progressive, Variable Phase Order",Andreas Seyfarth,"Harald Lieske, Franz Vohwinkel","alea, Ravensburger, Albi, Devir, Filosofia Éditions, Kaissa Chess & Games, Lacerta, Lautapelit.fi, MINDOK, Rio Grande Games, Stratelibri, Swan Panasia Co., Ltd., Tilsit, VAKKO"
Pandemic Legacy: Season 1,161936,boardgame,8.53469,2.8336,2015,2,4,60,60,13,79492,"Environmental, Medical","Action Points, Cooperative Game, Hand Management, Legacy Game, Point to Point Movement, Scenario / Mission / Campaign Game, Set Collection, Tags, Trading, Variable Player Powers","Rob Daviau, Matt Leacock",Chris Quilliams,"Z-Man Games, Asterion Press, Devir, Filosofia Éditions, Gém Klub Kft., Hobby Japan, Jolly Thinkers, Korea Boardgames Co., Ltd., Lacerta, Lifestyle Boardgames Ltd, MINDOK, Ігромаг"
Sushi Go!,133473,boardgame,7.0119,1.1573,2013,2,5,15,15,8,78929,Card Game,"Closed Drafting, End Game Bonuses, Hand Management, Set Collection, Simultaneous Action Selection",Phil Walker-Harding,"Nan Rangsima, Tobias Schweiger, Phil Walker-Harding","Adventureland Games, Gamewright, ADC Blackfire Entertainment, Asmodee, AURUM, Inc., Brain Games, Cocktail Games, Devir, Feelindigo, FoxMind Israel, Gameland 游戏大陆, Hemz Universal Games Co. Ltd., Kaissa Chess & Games, Kanga Games, Lautapelit.fi, Lifestyle Boardgames Ltd, MIPL, NeoTroy Games, Rebel Sp. z o.o., Reflexshop, uplay.it edizioni, White Goblin Games, Zoch Verlag"
Hanabi,98778,boardgame,7.04842,1.6911,2010,2,5,25,25,8,77933,"Card Game, Deduction, Memory","Communication Limits, Cooperative Game, Hand Management, Memory, Set Collection",Antoine Bauza,"Antoine Bauza, Gérald Guerlais, Albertine Ralenti","ABACUSSPIELE, Cocktail Games, Les 12 Singes, Asmodee, Brain Games, Broadway Toys LTD, Buly Games, Competo / Marektoy, cutia.ro, Enigma (Bergsala Enigma), Galápagos Jogos, Gém Klub Kft., Happy Baobab, Hobby Japan, Interlude, Kaissa Chess & Games, Lifestyle Boardgames Ltd, Oliphante, PaperGames (III), R&R Games, Rebel Sp. z o.o., REXhry, Spin Master Ltd., Swan Panasia Co., Ltd."
Power Grid,2651,boardgame,7.81994,3.2567,2004,2,6,120,120,12,77487,"Economic, Industry / Manufacturing","Auction/Bidding, Auction: Turn Order Until Pass, Catch the Leader, Income, Market, Network and Route Building, Turn Order: Stat-Based, Variable Set-up",Friedemann Friese,"Domonkos Bence, Antonio Dessi, Lars-Arne ""Maura"" Kalusky, Prapach Lapamnuaysap, Harald Lieske","2F-Spiele, 999 Games, Albi, Arclight Games, Brain Games, Edge Entertainment, Galápagos Jogos, Gém Klub Kft., Giochi Uniti, Hobby World, Ideal Board Games, Kaissa Chess & Games, Korea Boardgames Co., Ltd., Lacerta, Lautapelit.fi, Rio Grande Games, Rozum, Runadrake, Siam Board Games, Smart Ltd, Stratelibri, Swan Panasia Co., Ltd."
Coup,131357,boardgame,6.98523,1.4132,2012,2,6,15,15,13,76046,"Bluffing, Card Game, Deduction, Party Game, Political","Hidden Roles, Memory, Player Elimination, Take That, Variable Player Powers",Rikki Tahta,"Behnam Balali, Luis Francisco, Andrew Higgins, Alex Jensen, Alexandr Kiselev, Prapach Lapamnuaysap, Tomasz Larek, M81 Studio, Jarek Nocoń, Guillermo H. Nuñez, Weberson Santiago, Alejo Vigliani, Uros Vuckovic","Indie Boards & Cards, La Mame Games, After 5 Games, Asmodee, Board Game VN, Broadway Toys LTD, El Dragón Azul, Elznir Games, FoxGames, FunBox Jogos, Heidelberger Spieleverlag, Igrato, Kaissa Chess & Games, Land of Beautiful Mind (سرزمین ذهن زیبا), Lelekan, Mandala Jogos, NeoTroy Games, New Games Order, LLC, REXhry, Siam Board Games, Zacatrus, テンデイズゲームズ(TendaysGames)"
Jaipur,54043,boardgame,7.49016,1.467,2009,2,2,30,30,12,75517,"Animals, Card Game, Economic","Hand Management, Hidden Victory Points, Market, Open Drafting, Score-and-Reset Game, Set Collection",Sébastien Pauchon,"Vincent Dutrait, Alexandre Roche","GameWorks SàRL, Space Cowboys, ADC Blackfire Entertainment, Boardgame Space, cutia.ro, Esdevium, Galápagos Jogos, Gém Klub Kft., Hobby Japan, KADABRA, Kaissa Chess & Games, Korea Boardgames Co., Ltd., Lord of Boards, Rebel Sp. z o.o., Siam Board Games, Yes Papa Games"
Kingdomino,204583,boardgame,7.31684,1.2198,2016,2,4,15,25,8,75262,"City Building, Medieval, Territory Building","Open Drafting, Tile Placement, Turn Order: Stat-Based",Bruno Cathala,"Cyril Bouquet, Hervine Galliou","Blue Orange (EU), Blue Orange Games, Buró, Coiledspring Games, Fantasmagoria, Feelindigo, FoxGames, FoxMind Israel, Games Factory Publishing, Gém Klub Kft., Ghenos Games, Le Grand Massif, Happy Baobab, KADABRA, Kaissa Chess & Games, Lautapelit.fi, Lifestyle Boardgames Ltd, MEBO Games, MINDOK, MIPL, Oliphante, PaperGames (III), Pegasus Spiele, Pridemage Games, Swan Panasia Co., Ltd., White Goblin Games, テンデイズゲームズ(TendaysGames)"
Betrayal at House on the Hill,10547,boardgame,7.03348,2.3899,2004,3,6,60,60,12,75133,"Adventure, Exploration, Horror, Miniatures","Dice Rolling, Map Addition, Modular Board, Player Elimination, Role Playing, Storytelling, Team-Based Game, Traitor Game, Variable Player Powers","Bruce Glassco, Rob Daviau, Bill McQuillan, Mike Selinker, Teeuwynn Woodruff","Dennis Crabapple McClain, Christopher Moeller, Peter Whitley","Avalon Hill, Wizards of the Coast, Asmodee, Hasbro"
The Castles of Burgundy,84876,boardgame,8.13079,2.9876,2011,2,4,30,90,12,74879,"Dice, Medieval, Territory Building","Dice Rolling, End Game Bonuses, Grid Coverage, Hexagon Grid, Pattern Building, Tile Placement, Turn Order: Stat-Based, Variable Set-up, Worker Placement with Dice Workers",Stefan Feld,"Julien Delval, Harald Lieske","alea, Ravensburger, Broadway Toys LTD, Giochi Uniti, Grow Jogos e Brinquedos, Hobby World, Maldito Games, Rebel Sp. z o.o."
The Crew: The Quest for Planet Nine,284083,boardgame,7.83825,1.962,2019,2,5,20,20,10,72994,"Card Game, Science Fiction, Space Exploration","Communication Limits, Cooperative Game, Hand Management, Scenario / Mission / Campaign Game, Trick-taking",Thomas Sing,"Marco Armbruster, Sensit Communication GmbH","KOSMOS, 999 Games, Brain Games, Devir, Galakta, Geekach Games, Giochi Uniti, GP Games, HaKubia, Ideal Board Games, IELLO, Igroljub, Kaissa Chess & Games, Korea Boardgames Co., Ltd., Lautapelit.fi, MINDOK, Piatnik, Swan Panasia Co., Ltd., Zvezda"
Citadels,478,boardgame,7.06574,2.0495,2000,2,8,20,60,10,72257,"Bluffing, Card Game, City Building, Deduction, Fantasy, Medieval","Action Drafting, Closed Drafting, Income, Lose a Turn, Set Collection, Take That, Turn Order: Role Order, Variable Player Powers",Bruno Faidutti,"Cyrille Daujean, Julien Delval, Jesper Ejsing, Bruno Faidutti, Didier Graffet, Bjarne Hansen, Darrell Hardy, Florence Magnin, Jean-Louis Mourier, Scott Nicely, Hassan Nozadian, Christian T. Petersen, Brian Schomburg, Richard Spicer","Hans im Glück, 999 Games, Arclight Games, Brain Games, cutia.ro, Delta Vision Publishing, E L & M Productions, Edge Entertainment, Enigma (Bergsala Enigma), Fantasiapelit, Fantasy Flight Games, Fantasy Shop, Galakta, Galápagos Jogos, Giochi Uniti, Hobby World, Houpaa, KADABRA, Kaissa Chess & Games, Korea Boardgames Co., Ltd., Laser plus, Midgaard Games, Millenium, MINDOK, MultiSim, Nexus Editrice, Schmidt Spiele, Siam Board Games, Silver Stars Publishing, Smart Ltd, Swan Panasia Co., Ltd., Windrider Games, Z-Man Games, Ігромаг"
Everdell,199792,boardgame,8.04714,2.8068,2018,1,4,40,80,13,71707,"Animals, Card Game, City Building, Fantasy","Contracts, End Game Bonuses, Hand Management, Income, Open Drafting, Ownership, Set Collection, Solo / Solitaire Game, Variable Set-up, Worker Placement",James A. Wilson,"Andrew Bosley, Cody Jones, Dann May","Starling Games (II), Abraxas, Arclight Games, CMON Global Limited, Fantasmagoria, Galápagos Jogos, Gameology (Gameology Romania), Gém Klub Kft., Hobby World, Kaissa Chess & Games, Maldito Games, Matagot, MIPL, Pegasus Spiele, Rebel Sp. z o.o., REXhry, White Goblin Games, YOKA Games"
Arkham Horror: The Card Game,205637,boardgame,8.13761,3.5285,2016,1,2,60,120,14,71701,"Adventure, Card Game, Collectible Components, Exploration, Horror, Novel-based","Action Points, Area Movement, Communication Limits, Cooperative Game, Deck Construction, Events, Hand Management, Map Deformation, Modular Board, Push Your Luck, Role Playing, Scenario / Mission / Campaign Game, Solo / Solitaire Game, Stat Check Resolution, Variable Player Powers","Nate French, Maxine Juniper Newman, Matthew J. Newman","Christopher Hosch, Marcin Jakubowski, Ignacio Bazán Lazcano, Henning Ludvigsen, Mercedes Opheim, Zoe Robinson, Evan Simonet","Fantasy Flight Games, Arclight Games, Asmodee, Asterion Press, Edge Entertainment, Galakta, Galápagos Jogos, Heidelberger Spieleverlag, Hobby World, Korea Boardgames Co., Ltd., Ігромаг"
Root,237182,boardgame,8.07793,3.7811,2018,2,4,60,90,10,70240,"Animals, Fantasy, Territory Building, Wargame","Action Queue, Action Retrieval, Area Majority / Influence, Area Movement, Dice Rolling, Hand Management, Point to Point Movement, Race, Sudden Death Ending, Variable Player Powers, Variable Set-up",Cole Wehrle,Kyle Ferrin,"Leder Games, 2Tomatoes Games, Arclight Games, CMON Global Limited, CrowD Games, Delta Vision Publishing, Fox in the Box, Kilogames, Korea Boardgames Co., Ltd., Matagot, MeepleBR, MS Edizioni, Portal Games, Quality Beast, Spielworxx, Tower Tactic Games, YOKA Games"
Spirit Island,162886,boardgame,8.35238,4.0637,2017,1,4,90,120,13,68771,"Fantasy, Fighting, Mythology, Territory Building","Action Retrieval, Area Majority / Influence, Automatic Resource Growth, Campaign / Battle Card Driven, Cooperative Game, Hand Management, Modular Board, Set Collection, Simultaneous Action Selection, Solo / Solitaire Game, Tags, Variable Player Powers, Variable Set-up",R. Eric Reuss,"Jason Behnke, Loïc Berger, Loïc Billiau, Kat G Birmelin, Cari Corene, Lucas Durham, Rocky Hammer, Sydni Kruger, Nolan Nasser, Jorge Ramos, Adam Rebottaro, Moro Rogers, Graham Sternberg, Shane Tyree, Joshua Wright (I)","Greater Than Games, LLC, 999 Games, Ace Studios, Arrakis Games, BoardM Factory, Engames, Fabled Nexus, Fox in the Box, Gém Klub Kft., Ghenos Games, Hobby World, Intrafin Games, Lacerta, One Moment Games, Pegasus Spiele, REXhry, Siam Board Games"
Bohnanza,11,boardgame,7.04784,1.6696,1997,2,7,45,45,12,68570,"Card Game, Farming, Negotiation","Hand Management, Negotiation, Set Collection, Trading",Uwe Rosenberg,"Fréderic Bertrand, Marek Bláha, Andrea Boekhoff, Klemens Franz, Oliver Freudenreich, Inge George, Guido Hoffmann, Alexander Jung, Harald Lieske, Atelier Löwentor, Doris Matthäus, Björn Pertoft, Uwe Rosenberg, Johann Rüttinger, Barbara Stachuletz, Franz Vohwinkel, Markus Wagner","AMIGO, 999 Games, Brain Games, Broadway Toys LTD, Copag Cards, Corfix, Fractal Juegos, G3, Gigamic, Giochi Uniti, Kaissa Chess & Games, Kikigagne?, Korea Boardgames Co., Ltd., Lautapelit.fi, Lifestyle Boardgames Ltd, Lookout Games, Mercurio, Midgaard Games, Möbius Games, Paper Iyagi, PaperGames (III), Piatnik, Rio Grande Games, Spilbræt.dk, Stratelibri, Swan Panasia Co., Ltd., Tempo Games (I)"
The Quacks of Quedlinburg,244521,boardgame,7.83601,1.9471,2018,2,4,45,45,10,67884,Medieval,"Catch the Leader, Deck, Bag, and Pool Building, Delayed Purchase, Dice Rolling, Events, Market, Push Your Luck, Simultaneous Action Selection, Variable Set-up",Wolfgang Warsch,"Dennis Lohausen, Wolfgang Warsch","Schmidt Spiele, 999 Games, Arclight Games, Brain Games, CMYK, Compaya.hu: Gamer Café Kft., Devir, G3, Games4you, Kaissa Chess & Games, Korea Boardgames Co., Ltd., Lautapelit.fi, Lavka Games, MEEPLE, MINDOK, NorthStar Game Studio, Swan Panasia Co., Ltd., YellowBOX"
Mysterium,181304,boardgame,7.23201,1.9,2015,2,7,42,42,10,67478,"Deduction, Horror, Murder/Mystery, Party Game","Communication Limits, Cooperative Game, Deduction, Finale Ending, Hand Management, Pattern Recognition, Storytelling, Voting","Oleksandr Nevskiy, Oleg Sidorenko","Igor Burlakov, Xavier Collette, Oleksandr Nevskiy, Oleg Sidorenko","Libellud, ADC Blackfire Entertainment, Enigma (Bergsala Enigma), Esdevium, F2Z Digital Media Inc., Filosofia Éditions, Galápagos Jogos, Gém Klub Kft., GoKids 玩樂小子, Kaissa Chess & Games, Lautapelit.fi, Morapiaf, Rebel Sp. z o.o., Z-Man Games"
Exploding Kittens,172225,boardgame,6.05155,1.0891,2015,2,5,15,15,7,67393,"Animals, Card Game, Comic Book / Strip, Humor","Hand Management, Hot Potato, Player Elimination, Push Your Luck, Set Collection, Take That","Matthew Inman, Elan Lee, Shane Small","Matthew Inman, Elan Lee, Shane Small","Ad Magic, Inc. ( AdMagic Games), Exploding Kittens, (Self-Published), ADC Blackfire Entertainment, Angry Lion Games, Asmodee, Blackfire Games, Boardgame Space, CoolPlay, Galápagos Jogos, Gém Klub Kft., GoKids 玩樂小子, HaKubia, Hobby Japan, Hobby World, Kaissa Chess & Games, Rebel Sp. z o.o., Rozum, Siam Board Games"
Takenoko,70919,boardgame,7.22446,1.977,2011,2,4,45,45,8,67316,"Animals, Environmental, Farming, Territory Building","Action Points, Contracts, Dice Rolling, End Game Bonuses, Grid Movement, Hexagon Grid, Modular Board, Network and Route Building, Pattern Building, Set Collection, Tile Placement",Antoine Bauza,"Nicolas Fructus, Picksel, Yuio","Bombyx, Matagot, Asmodee, Asterion Press, Bureau de Juegos, Enigma (Bergsala Enigma), Filosofia Éditions, FoxMind Israel, Fractal Juegos, Galápagos Jogos, Geekach Games, Gém Klub Kft., Hobby Japan, Hobby World, Kaissa Chess & Games, Lex Games, Mostafil Games, Pegasus Spiele, Rebel Sp. z o.o., REXhry, Salta da Caixa, Surfin' Meeple, Tower Tactic Games"
Gloomhaven: Jaws of the Lion,291457,boardgame,8.48481,3.6328,2020,1,4,30,120,14,67294,"Adventure, Exploration, Fantasy, Fighting, Miniatures","Action Queue, Action Retrieval, Campaign / Battle Card Driven, Communication Limits, Cooperative Game, Critical Hits and Failures, Deck Construction, Grid Movement, Hand Management, Hexagon Grid, Legacy Game, Line of Sight, Multi-Use Cards, Once-Per-Game Abilities, Scenario / Mission / Campaign Game, Simultaneous Action Selection, Solo / Solitaire Game, Variable Player Powers",Isaac Childres,"Francesca Baerald, David Demaret, Alexandr Elichev","Cephalofair Games, Albi, Albi Polska, Arclight Games, Feuerland Spiele, Galápagos Jogos, Gém Klub Kft., Hobby World, Korea Boardgames Co., Ltd., Lord of Boards, Meanbook Games, Siam Board Games"
Lords of Waterdeep,110327,boardgame,7.73539,2.4527,2012,2,5,60,120,12,67088,"City Building, Fantasy","Contracts, Hidden Roles, Increase Value of Unchosen Resources, Ownership, Set Collection, Take That, Turn Order: Claim Action, Worker Placement","Peter Lee, Rodney Thompson","Eric Belisle, Steven Belledin, Zoltan Boros, Noah Bradley, Eric Deschamps, Wayne England, Tony Foti, Todd Harris, Ralph Horsley, Tyler Jacobson, Ron Lemen, Howard Lyon, Warren Mahy, Patrick McEvoy, Jim Nelson, William O'Connor, Adam Paquette, Lucio Parrillo, Dave Rapoza, Richard Sardinha, Mike Schley, Andrew Silver, Anne Stokes, Gábor Szikszai, Matias Tapia, Kevin Walker, Tyler Walpole, Eva Widermann, Eric Williams (I), Matt Wilson (I), Sam Wood, Ben Wootten, James Zhang",Wizards of the Coast
Race for the Galaxy,28143,boardgame,7.7468,2.9908,2007,2,4,30,60,12,66604,"Card Game, Civilization, Economic, Science Fiction, Space Exploration","Follow, Hand Management, Income, Market, Multi-Use Cards, Set Collection, Simultaneous Action Selection, Tags, Turn Order: Role Order, Variable Phase Order, Variable Player Powers",Thomas Lehmann,"Martin Hoffmann, Claus Stephan","Rio Grande Games, ABACUSSPIELE, Albi, Ediciones MasQueOca, Gabinete Lúdico, Galápagos Jogos, Gamesinitaly, Ghenos Games, Giochix.it, Hobby Japan, Hobby World, Korea Boardgames Co., Ltd., Matagot, Pegasus Spiele, Rebel Sp. z o.o., Smart Ltd, Wargames Club Publishing, YOKA Games, Ystari Games"
Robinson Crusoe: Adventures on the Cursed Island,121921,boardgame,7.76267,3.8093,2012,1,4,60,120,14,66088,"Adventure, Exploration, Fighting, Novel-based, Territory Building","Action Queue, Area Movement, Cooperative Game, Dice Rolling, Die Icon Resolution, Events, Hexagon Grid, Map Addition, Movement Points, Narrative Choice / Paragraph, Scenario / Mission / Campaign Game, Solo / Solitaire Game, Tile Placement, Turn Order: Progressive, Variable Player Powers, Worker Placement","Joanna Kijanka, Ignacy Trzewiczek","Tomasz Bentkowski, Mateusz Bielski, Vincent Dutrait, Jerzy Ferdyn, Mateusz Kopacz, Mateusz Lenart, Dominic Mayer, Maciej Mutwil, Zhao Run Quan, Piotr Słaby, Rafał Szyma, Ignacy Trzewiczek, Michał J. Zieliński","Portal Games, Albi, Arclight Games, Conclave Editora, DiceTree Games, Edge Entertainment, Filosofia Éditions, Gém Klub Kft., Hobby World, MYBG Co., Ltd., Pegasus Spiele, uplay.it edizioni, Z-Man Games"
Twilight Struggle,12333,boardgame,8.25232,3.603,2005,2,2,120,180,13,65889,"Modern Warfare, Political, Wargame","Action/Event, Advantage Token, Area Majority / Influence, Campaign / Battle Card Driven, Dice Rolling, Events, Hand Management, Simulation, Simultaneous Action Selection, Sudden Death Ending, Tug of War, Variable Set-up","Ananda Gupta, Jason Matthews","Viktor Csete, Rodger B. MacGowan, Chechu Nieto, Guillaume Ries, Mark Simonitch","GMT Games, Asterion Press, Bard Centrum Gier, Chrononauts Games, Devir, DiceTree Games, GaGa Games, MINDOK, PHALANX, Pixie Games, Udo Grebe Gamedesign, Wargames Club Publishing"
Lost Cities,50,boardgame,7.22539,1.481,1999,2,2,30,30,10,63895,"Card Game, Exploration","Hand Management, Melding and Splaying, Ordering, Push Your Luck, Score-and-Reset Game, Set Collection",Reiner Knizia,"Vincent Dutrait, Michaela Kienle, Anke Pohl, Thilo Rick, Claus Stephan, Franz Vohwinkel","KOSMOS, 999 Games, Albi, Competo / Marektoy, Devir, Filosofia Éditions, Galakta, Group SNE, IELLO, Kaissa Chess & Games, Korea Boardgames Co., Ltd., Land of Beautiful Mind (سرزمین ذهن زیبا), Laser plus, Lautapelit.fi, Midgaard Games, Piatnik, Playhouse Ltd, Rio Grande Games, Stupor Mundi, SuperHeated Neurons, Swan Panasia Co., Ltd., Tilsit, Zvezda, گیمِ پندو (Pendo Games)"
Star Realms,147020,boardgame,7.56424,1.9261,2014,2,2,20,20,12,63667,"Card Game, Fighting, Science Fiction","Deck, Bag, and Pool Building, Delayed Purchase, Hand Management, Income, Open Drafting, Tags, Take That, Variable Set-up","Robert Dougherty, Darwin Kastle",Vito Gesualdi,"Wise Wizard Games, ADC Blackfire Entertainment, ADC Blackfire Entertainment GmbH, Broadway Toys LTD, Devir, Games Factory, Games Factory Publishing, Hobby World, IELLO, IUVI Games"
Viticulture Essential Edition,183394,boardgame,8.00355,2.8896,2015,1,6,45,90,13,63235,"Economic, Farming","Contracts, Hand Management, Solo / Solitaire Game, Turn Order: Auction, Victory Points as a Resource, Worker Placement, Worker Placement, Different Worker Types","Jamey Stegmaier, Alan Stone","Jacqui Davis, David Montgomery, Beth Sobel","Stonemaier Games, Albi, Angry Lion Games, Arclight Games, Board Game Rookie, Delta Vision Publishing, Feuerland Spiele, Ghenos Games, Kilogames, Korea Boardgames Co., Ltd., Lavka Games, Ludofy Creative, Maldito Games, Matagot, PHALANX, Regatul Jocurilor, Surfin' Meeple China, Tower Tactic Games"
The Resistance,41114,boardgame,7.22504,1.5946,2009,5,10,30,30,13,62989,"Bluffing, Card Game, Deduction, Negotiation, Party Game, Print & Play, Science Fiction, Spies/Secret Agents","Hidden Roles, Memory, Roles with Asymmetric Information, Simultaneous Action Selection, Team-Based Game, Traitor Game, Voting",Don Eskridge,"Luis Francisco, Luis Franco, Piotr Haraszczak, Jihoon Jang, Maryam Khatoon, Jordy Knoop, Vinh Mac, Alex Murur, Jarek Nocoń, George Patsouras, Michael Rasmussen, Jordan Saia, Luis Thomas","Indie Boards & Cards, (Web published), 999 Games, Devir, Edge Entertainment, Enigma (Bergsala Enigma), Fantasmagoria, Galápagos Jogos, Heidelberger Spieleverlag, Hobby Japan, HomoLudicus, Lex Games, Magellan, Matagot, MINDOK, NeoTroy Games, Portal Games, Raven Distribution, Wargames Club Publishing"
Dead of Winter: A Crossroads Game,150376,boardgame,7.48087,3.0111,2014,2,5,60,120,13,62663,"Bluffing, Deduction, Horror, Zombies","Action Points, Area Movement, Dice Rolling, Hand Management, Narrative Choice / Paragraph, Push Your Luck, Semi-Cooperative Game, Storytelling, Trading, Traitor Game, Turn Order: Progressive, Variable Player Powers, Voting","Jonathan Gilmour, Isaac Vega","David Richards, Fernanda Suárez, Peter Wocken","Plaid Hat Games, Arclight Games, Cube Factory of Ideas, Edge Entertainment, Filosofia Éditions, Galápagos Jogos, Game Harbor, Gém Klub Kft., Gemenot, Heidelberger Spieleverlag, Korea Boardgames Co., Ltd., Meanbook Games, MINDOK, Raven Distribution, Rozum, Siam Board Games"
Sagrada,199561,boardgame,7.48354,1.9243,2017,1,4,30,45,14,61728,"Dice, Puzzle","Contracts, Dice Rolling, End Game Bonuses, Grid Coverage, Open Drafting, Pattern Building, Set Collection, Solo / Solitaire Game, Turn Order: Progressive, Variable Set-up","Adrian Adamescu, Daryl Andrews",Peter Wocken,"Floodgate Games, Cranio Creations, CrowD Games, Devir, Engames, FoxGames, Galápagos Jogos, Geekach Games, Lanlalen, Lex Games, Mandoo Games, Matagot, MEBO Games, MINDOK, MIPL, One Moment Games, Pegasus Spiele, Reflexshop"
Scrabble,320,boardgame,6.26737,2.0692,1948,2,4,90,90,10,59340,Word Game,"End Game Bonuses, Hand Management, Square Grid, Tile Placement",Alfred Mosher Butts,C. Leslie Crandall,"Alga, Barnes & Noble, Borras Plana S.A., Brio AB, Cadaco, Cappelen, Casa Estanciero S.R.L., CEFA (Celulosa Fabril S. A.), Chieftain Products, Damm / Egmont, Dino Toys s. r. o., Drechsler, Estrela, Falomir Juegos, Fundex, Habourdin International, Hasbro, Holdson, Joker, Juegos Crone, Jumbo, KADABRA, Korea Boardgames Co., Ltd., Kuvataide, Labo-Mix, Mattel, Inc., Max Ploys, Milton Bradley, Murfett, NeoTroy Games, The Op, Otto Maier Verlag, Parker Brothers, Paul Lamond Games Ltd, Piatnik, Playmix, Production & Marketing Company, Refax Oy, ren ehf., Schowanek, Selchow & Righter, Sio, Spear's Games, Spectrum Games Corporation, Spil hf., Super Impulse, SYU Creation, Tinderbox Games, ToyCo, T. R. Urban & Co., Winning Moves Games (USA), Winning Solutions (WS Game Company), Xalingo Brinquedos, YOHAN, Zontik Games"
Santorini,194655,boardgame,7.37796,1.7286,2016,2,4,20,20,8,59006,"Abstract Strategy, Ancient, Mythology","Grid Movement, Map Reduction, Race, Square Grid, Team-Based Game, Three Dimensional Movement, Variable Player Powers",Gord!,"Lina Cossette, David Forest","Roxley, Galápagos Jogos, Korea Boardgames Co., Ltd., Spin Master Ltd."
Sushi Go Party!,192291,boardgame,7.40629,1.3061,2016,2,8,20,20,8,58749,"Card Game, Party Game","Closed Drafting, End Game Bonuses, Hand Management, Set Collection, Simultaneous Action Selection, Variable Set-up",Phil Walker-Harding,Nan Rangsima,"Gamewright, AURUM, Inc., Cocktail Games, Devir, Hemz Universal Games Co. Ltd., Rebel Sp. z o.o., Reflexshop, uplay.it edizioni, White Goblin Games, Zoch Verlag"
Risk,181,boardgame,5.59179,2.0703,1959,2,6,120,120,10,56845,"Territory Building, Wargame","Area Movement, Dice Rolling, Player Elimination, Set Collection","Albert Lamorisse, Michael I. Levin",(Uncredited),"Alga, Avalon Hill, Barnes & Noble, Borras Plana S.A., Carlit, Clipper, Editrice Giochi, El Greco, Grow Jogos e Brinquedos, Guau, Hasbro, Juegos Crone, Majora, MEGAPLAST, Miro Company, Nilco S.A., Palitoy Ltd., PanGraf, Parker Brothers, Schmidt Spiele, Smeets & Schippers, Tomy, Waddingtons, Winning Moves Games (USA)"
Lost Ruins of Arnak,312484,boardgame,8.07756,2.9042,2020,1,4,30,120,12,56397,"Adventure, Ancient, Exploration, Travel","Contracts, Deck, Bag, and Pool Building, Market, Multi-Use Cards, Once-Per-Game Abilities, Resource to Move, Solo / Solitaire Game, Turn Order: Progressive, Worker Placement","Elwen, Mín","Ondřej Hrdina, Jiří Kůs, Filip Murmak, Jakub Politzer, František Sedláček, Milan Vavroň","Czech Games Edition, Brädspel.se, Cranio Creations, Devir, DiceTree Games, Fantasmagoria, GaGa Games, Games4you, Gém Klub Kft., HeidelBÄR Games, Hobby Japan, IELLO, Lautapelit.fi, Lex Games, Lord of Boards, MINDOK, More Fun Co., Ltd., One Moment Games, Rebel Sp. z o.o., Spilbræt.dk, White Goblin Games"
Brass: Birmingham,224517,boardgame,8.60984,3.8928,2018,2,4,60,120,14,56329,"Economic, Industry / Manufacturing, Post-Napoleonic, Trains, Transportation","Hand Management, Income, Loans, Market, Network and Route Building, Tags, Tech Trees / Tech Tracks, Turn Order: Stat-Based, Variable Set-up","Gavan Brown, Matt Tolman, Martin Wallace","Gavan Brown, Lina Cossette, David Forest, Damien Mammoliti, Matt Tolman","Roxley, Arclight Games, BoardM Factory, CMON Global Limited, Conclave Editora, CrowD Games, Dexker Games, Funforge, Gém Klub Kft., Ghenos Games, Giant Roc, Lanlalen, Lord of Boards, Maldito Games, PHALANX, Rebel Sp. z o.o., TLAMA games, White Goblin Games, 盒拍工作室 Hepa Studio"
Stone Age,34635,boardgame,7.5323,2.462,2008,2,4,60,90,10,55413,"Dice, Economic, Prehistoric","Contracts, Dice Rolling, End Game Bonuses, Set Collection, Turn Order: Progressive, Worker Placement",Bernd Brunnhofer,Michael Menzel,"Hans im Glück, 999 Games, Asmodee, Bard Centrum Gier, Boardgame Space, Devir, Feelindigo, Filosofia Éditions, Giochi Uniti, HaKubia, Hobby World, Kaissa Chess & Games, Korea Boardgames Co., Ltd., Lautapelit.fi, MINDOK, Oxygame, Piatnik, Rio Grande Games, Schmidt Spiele, Stupor Mundi, Swan Panasia Co., Ltd., Z-Man Games, Zvezda"
Mansions of Madness: Second Edition,205059,boardgame,7.96451,2.6705,2016,1,5,120,180,14,54376,"Adventure, Exploration, Fighting, Horror, Miniatures, Murder/Mystery, Puzzle","Area Movement, Cooperative Game, Dice Rolling, Hand Management, Map Addition, Modular Board, Role Playing, Scenario / Mission / Campaign Game, Solo / Solitaire Game, Stat Check Resolution, Traitor Game, Variable Player Powers",Nikki Valens,"Cristi Balanescu, Yoann Boissonnet, Anders Finér, Tony Foti, Corey Konieczka, Jacob Murray, Magali Villeneuve","Fantasy Flight Games, ADC Blackfire Entertainment, Arclight Games, Asterion Press, Edge Entertainment, Galakta, Galápagos Jogos, Geekach Games, Heidelberger Spieleverlag, Hobby World, Korea Boardgames Co., Ltd., Meanbook Games, Siam Board Games"
UNO,2223,boardgame,5.44633,1.1072,1971,2,10,30,30,6,53979,"Card Game, Children's Game, Comic Book / Strip, Movies / TV / Radio theme, Number","Hand Management, Lose a Turn, Matching, Take That",Merle Robbins,"Shepard Fairey, Keith Haring, Kinetic, Jeff Kinney, Takashi Murakami, Warleson Oliveira, Merle Robbins, Orlando Villagran","AMIGO, AS Manufacturas, ASS Altenburger Spielkarten, Borras Plana S.A., Canada Games Company Lmt., Clipper, Damm / Egmont, Desyllas Games, Ensky, Fundex, Gebr. Ludwigs oHG, Gibsons, El Greco, Grow Jogos e Brinquedos, Homax, International Games, Korea Boardgames Co., Ltd., Mattel, Inc., Nilco S.A., Österreichische Post, Ruibal Hermanos S.A., Sababa Toys, Inc., Spear's Games, Super Impulse, Waddingtons"
Saboteur,9220,boardgame,6.55032,1.3202,2004,3,10,30,30,8,53277,"Bluffing, Card Game, Exploration, Fantasy, Party Game","Hand Management, Hidden Roles, Map Addition, Network and Route Building, Take That, Traitor Game",Fréderic Moyersoen,"Andrea Boekhoff, Fréderic Moyersoen","AMIGO, 999 Games, Albi, Asmodee, Boardgame Space, Brain Games, Bureau de Juegos, Buró, Corfix, Dal Negro, Dr. Wood Challenge Centre, Fractal Juegos, G3, Gigamic, Giochi Uniti, HaKubia, Igroljub, Kaissa Chess & Games, Kikigagne?, Korea Boardgames Co., Ltd., Land of Beautiful Mind (سرزمین ذهن زیبا), Lautapelit.fi, Lifestyle Boardgames Ltd, Mayfair Games, Meeples Cafe, Mercurio, Möbius Games, PaperGames (III), Paradigm Infinitum Pte Ltd, Piatnik, Rebel Sp. z o.o., Sun Team Day Hobby Company, Swan Panasia Co., Ltd., VR Distribution, Z-Man Games, Взрослые дети, Ігромаг"
Blood Rage,170216,boardgame,7.94279,2.8735,2015,2,4,60,90,14,53188,"Fantasy, Fighting, Miniatures, Mythology","Action Points, Area Majority / Influence, Area Movement, Card Play Conflict Resolution, Closed Drafting, Hand Management, Map Reduction, Memory, Open Drafting, Simultaneous Action Selection",Eric M. Lang,"Henning Ludvigsen, Thierry Masson, Mike McVey, Adrian Smith","Cool Mini Or Not, Arclight Games, Asmodee, Asterion Press, BoardM Factory, CMON Global Limited, CrowD Games, Delta Vision Publishing, Edge Entertainment, Fantasmagoria, Galápagos Jogos, Game Harbor, Geekach Games, Guillotine Games, MIPL, Portal Games, REXhry"
Dune: Imperium,316554,boardgame,8.41916,3.0273,2020,1,4,60,120,14,53022,"Movies / TV / Radio theme, Novel-based, Political, Science Fiction","Card Play Conflict Resolution, Deck, Bag, and Pool Building, Delayed Purchase, Force Commitment, Increase Value of Unchosen Resources, Multi-Use Cards, Open Drafting, Solo / Solitaire Game, Tags, Take That, Turn Order: Progressive, Variable Player Powers, Worker Placement",Paul Dennen,"Clay Brooks, Brett Nienburg, Raul Ramos, Nate Storm","Dire Wolf, Arclight Games, Galápagos Jogos, Geekach Games, Lavka Games, Lucky Duck Games, Reflexshop, REXhry, sternenschimmermeer, YingDi (旅法师营地)"
Eldritch Horror,146021,boardgame,7.75787,3.3186,2013,1,8,120,240,14,52713,"Adventure, Fighting, Horror, Novel-based, Travel","Action Points, Cooperative Game, Dice Rolling, Point to Point Movement, Resource to Move, Role Playing, Solo / Solitaire Game, Stat Check Resolution, Variable Player Powers","Corey Konieczka, Nikki Valens","Anders Finér, David Griffith, Ed Mattinian, Patrick McEvoy, Dallas Mehlhoff, Emilio Rodriguez, Magali Villeneuve, Drew Whitmore","Fantasy Flight Games, ADC Blackfire Entertainment, Arclight Games, Delta Vision Publishing, Edge Entertainment, Galakta, Galápagos Jogos, Geekach Games, Giochi Uniti, Heidelberger Spieleverlag, Hobby World, Korea Boardgames Co., Ltd., Wargames Club Publishing"
Arkham Horror,15987,boardgame,7.24053,3.5823,2005,1,8,120,240,14,52370,"Adventure, Fighting, Horror, Novel-based","Cooperative Game, Dice Rolling, Events, Finale Ending, Hand Management, Lose a Turn, Point to Point Movement, Role Playing, Solo / Solitaire Game, Stat Check Resolution, Variable Player Powers","Richard Launius, Kevin Wilson","Anders Finér, Rafał Hrynkiewicz, Richard Launius, Henning Ludvigsen, Patrick McEvoy, Kurt Miller, Scott Nicely, Vlad Ricean, Brian Schomburg, Kevin Wilson","Fantasy Flight Games, ADC Blackfire Entertainment, Arclight Games, Delta Vision Publishing, Edge Entertainment, Galakta, Giochi Uniti, Heidelberger Spieleverlag, Hobby World, Korea Boardgames Co., Ltd., Nexus Editrice, Smart Ltd, Ubik, Wargames Club Publishing"
Five Tribes,157354,boardgame,7.77747,2.8502,2014,2,4,40,80,13,52330,"Arabian, Fantasy, Mythology","Auction/Bidding, Constrained Bidding, End Game Bonuses, Hidden Victory Points, Mancala, Modular Board, Set Collection, Square Grid, Take That, Turn Order: Auction, Variable Player Powers, Variable Set-up, Victory Points as a Resource",Bruno Cathala,Clément Masson,"Days of Wonder, Arclight Games, Asterion Press, CrowD Games, Galápagos Jogos, Gém Klub Kft., Korea Boardgames Co., Ltd., Lord of Boards, Maldito Games, Rebel Sp. z o.o."
Clank!: A Deck-Building Adventure,201808,boardgame,7.78847,2.2237,2016,2,4,30,60,12,52320,"Adventure, Fantasy","Action Points, Deck, Bag, and Pool Building, Delayed Purchase, End Game Bonuses, Movement Points, Open Drafting, Player Elimination, Point to Point Movement, Push Your Luck, Variable Set-up",Paul Dennen,"Rayph Beisner, Raul Ramos, Nate Storm","Renegade Game Studios, Arclight Games, Conclave Editora, Devir, Dire Wolf, Korea Boardgames Co., Ltd., Lavka Games, Lucrum Games, Raven Distribution, Reflexshop, REXhry, Schwerkraft-Verlag"
Forbidden Desert,136063,boardgame,7.08792,2.0391,2013,2,5,45,45,10,52251,"Adventure, Fantasy, Science Fiction","Action Points, Bias, Cooperative Game, Grid Movement, Hand Management, Map Reduction, Modular Board, Pick-up and Deliver, Set Collection, Solo / Solitaire Game, Square Grid, Variable Player Powers",Matt Leacock,"C. B. Canga, Tyler Edlin","Gamewright, ADC Blackfire Entertainment, AURUM, Inc., Cocktail Games, Competo / Marektoy, Devir, FoxMind Israel, Kaissa Chess & Games, Lifestyle Boardgames Ltd, Rebel Sp. z o.o., Reflexshop, Schmidt Spiele, Sovranti, uplay.it edizioni, White Goblin Games"
Sheriff of Nottingham,157969,boardgame,7.07976,1.6548,2014,3,5,60,60,14,52040,"Bluffing, Card Game, Humor, Medieval, Negotiation, Novel-based, Party Game","Betting and Bluffing, Bribery, Hand Management, Negotiation, Open Drafting, Role Playing, Set Collection","Sérgio Halaban, André Zatz","John Guytan, Lorraine Schleter, David Sladek","Arcane Wonders, ADC Blackfire Entertainment, Asmodee, Asterion Press, Broadway Toys LTD, CMON Global Limited, Cool Mini Or Not, Edge Entertainment, Fantasmagoria, Galápagos Jogos, IELLO, Kaissa Chess & Games, Lavka Games, Lex Games, Rebel Sp. z o.o., Reflexshop, Siam Board Games, SuperHeated Neurons"
Machi Koro,143884,boardgame,6.60839,1.5249,2012,2,4,30,30,10,51660,"City Building, Dice","Dice Rolling, Race, Random Production",Masao Suganuma,"Noboru Hotta, Ian Parovel, Mirko Suzuki","Grounding, Devir, Dragonfly Publishing, Gameland 游戏大陆, GoKids 玩樂小子, HaKubia, Happy Baobab, Hobby World, HomoLudicus, IDW Games, Japon Brand, KOSMOS, MINDOK, Moonster Games, NeoTroy Games, Pandasaurus Games, uplay.it edizioni, White Goblin Games"
The Mind,244992,boardgame,6.77864,1.0741,2018,2,4,20,20,8,50813,"Card Game, Number","Communication Limits, Cooperative Game",Wolfgang Warsch,Oliver Freudenreich,"Nürnberger-Spielkarten-Verlag, Arclight Games, Brain Games, Coiledspring Games, DV Games, FoxGames, Fractal Juegos, GaGa Games, Galápagos Jogos, Game Factory, Ideal Board Games, Kaissa Chess & Games, Lanlalen, Lautapelit.fi, Maldón, Mar Lúdico, Mercurio, Oya, Pandasaurus Games, Popcorn Games, Pravi Junak, REXhry, Swan Panasia Co., Ltd., Vennerød Forlag AS, White Goblin Games, YellowBOX"
Ark Nova,342942,boardgame,8.52897,3.7274,2021,1,4,90,150,14,50687,"Animals, Economic, Environmental","End Game Bonuses, Hand Management, Hexagon Grid, Income, Increase Value of Unchosen Resources, Open Drafting, Set Collection, Solo / Solitaire Game, Tags, Tile Placement, Variable Player Powers, Variable Set-up",Mathias Wigge,"Steffen Bieker, Loïc Billiau, Dennis Lohausen, Christof Tisch","Feuerland Spiele, Capstone Games, CMON Global Limited, Cranio Creations, Game Harbor, Gém Klub Kft., Grok Games, IGAMES, Korea Boardgames Co., Ltd., Lautapelit.fi, Ludofy Creative, Maldito Games, MINDOK, Portal Games, Regatul Jocurilor, Super Meeple, Tower Tactic Games, White Goblin Games, テンデイズゲームズ(TendaysGames)"
Terra Mystica,120677,boardgame,8.07825,3.9725,2012,2,5,60,150,12,50504,"Civilization, Economic, Fantasy, Territory Building","End Game Bonuses, Hexagon Grid, Income, Increase Value of Unchosen Resources, Network and Route Building, Tech Trees / Tech Tracks, Turn Order: Pass Order, Variable Player Powers, Variable Set-up, Victory Points as a Resource","Jens Drögemüller, Helge Ostertag",Dennis Lohausen,"Feuerland Spiele, Bard Centrum Gier, Capstone Games, Cranio Creations, Devir, Filosofia Éditions, FunBox Jogos, Gém Klub Kft., HomoLudicus, Mandala Jogos, MINDOK, Swan Panasia Co., Ltd., White Goblin Games, Z-Man Games, Zvezda, テンデイズゲームズ(TendaysGames)"
Chess,171,boardgame,7.19352,3.6611,1475,2,2,0,0,6,50502,Abstract Strategy,"Grid Movement, Once-Per-Game Abilities, Pattern Movement, Square Grid, Static Capture, Sudden Death Ending",(Uncredited),"(Uncredited), Paolo Chiari, Honoré Daumier, Peter Ganine, F. Lanier Graham, Günter Griebel, Jutta Griebel, Rafael Guigou, Olin Jeong, Karim Rashid, Néstor Romeral Andrés, J. R. R. Tolkien","(Public Domain), (Self-Published), 3M, ABRA, Adams Brothers & Shardlow Ltd., Air France, Alexander, Allied Van Lines, Ancient Chess, Arrco Playing Card Co., Bar-Zim, Bayerwald Spiele, Bello Games New York, Inc., Berwick's Toy Co. Ltd., Big League Promotions Corp., Bisonte, Blatz, Bozart Toys, Cardinal, à la carte AG, Cayro, The Games, CCI India, Chad Valley Co Ltd., Challenge Master Game Co Ltd, Character Games LTD, Chess Armory, Chess Geeks, ChessUSA, CHH Games, Chupa Chups, Classic Games, Coca-Cola, Colombine BVBA, Comedy Central, Comedy Partners, Creative Crafthouse, Creative Educational Aids Pvt. Ltd., Crisloid, Dal Negro, Darmon Diffusion, David Westnedge, De La Rue, DeAgostini, Deuce, DGT, Dilemma Games, Dourios, DreamWorks, Dynamic Games / Dynamic Design Industries, E. S. Lowe Company Inc., Efko, EnumeroCribbageBoards, Epoch Playthings, Estrela, Excalibur Electronics, F. W. Woolworth Company, Fame Products, Fifth Avenue Crystal Ltd., FridgePlay, Friendly Games, Inc., Fundex, Game Factory, Gibsons, Golden, Guigou, H. Baron, Handfaste, Hartung-Spiele, Hasbro, Hausemann & Hötte N.V., Hearth & Hand with Magnolia, Hexagames (I), Heyne, Holdson, Homas Spelen, House Martin, House of Marbles, House of Staunton, Imaginarium, innovative KIDS, Inovac Rima SA, Intex Syndicate, Invicta Games, Italocremona, John Jaques of London, Jumbo, K & C Ltd, K.E. Mathiasen A/S, King International, Kingsway Inc, Kitfix Swallow Group, Klee, Klopffleisch, L. P. Septímio, Lagoon Games, Lardy International, LEGO, Lindop (William Lindop LTD), Longfield Games, Ludens Planet, Magnetic Poetry Inc, Majora, Manchester United Football Club, Marigó, The Mark of Westminster, Masters Games, Mattel, Inc., MB Jeux, MB Spellen, MB Spiele, MEGAPLAST, Melissa & Doug, Meridian Point Products, Merit, Millenium, Milton Bradley, Monkey Pod Games, The Museum of Modern Art (MoMA), Musketeer Chess, Neroulia, nestorgames, Nintendo Co., Ltd., The Noble Collection, Noris Spiele, O'Gowna Studio, Olin Studio, The Op, Open Board Games, Oriental Trading Company, Outside Inside, Pacific Game Company, Parker Brothers, Patch Products, Paul Lamond Games Ltd, Pavilion, Peri Spiele, Piatnik, Pin International, Pleasantime Games, Poptoy, Pressman Toy Corp., The Purple Cow, Ramsons, Research Games, Inc. / Athol / RGI / ARC, Revanche Spelen, Robin and Nell Dale, Rong Fa, Rosiness, Rot Ceramic, Sababa Toys, Inc., Saitek, Schmidt International, Schmidt Spiele, Selchow & Righter, Si-Si-Spiele, Skor-Mor, Sophisticated Games, Søstrene Grene, Spear's Games, Spencer Gifts, Spin Master Ltd., Sterling Games, StirlingFox, Studio Anne Carlton (SAC), Sunrise Chess & Games, Super Accord, Tactic, TDC Games, Inc., Tesco, Tezuka Productions, Thomas Salter Ltd, Toy Brokers Ltd, U3, Vilac, Volume-One Products, Waddington Sanders Ltd., Waddingtons, Walt Disney Productions (Disney), Węgiel, Western Publishing Company, Westside Fun Games, WHSmith, Wiley Publishing, Inc., Winning Moves Games (USA), Wizards of the Coast, WizKids (I), Wm F. Drueke & Sons, Inc., Wood Expressions, WorldWise Imports, LLC, Οδύσσεια"
Monopoly,1406,boardgame,4.36308,1.6285,1935,2,8,60,180,8,49520,"Economic, Negotiation","Auction: English, Auction/Bidding, Income, Loans, Lose a Turn, Ownership, Player Elimination, Roll / Spin and Move, Set Collection, Stock Holding, Track Movement, Trading","Charles Darrow, Elizabeth J. Magie (Phillips)",Edison Girard,"Parker Brothers, A. F. Tompson & Son Ltd., Åhlén & Åkerlund, Alga, Altap, ASS Altenburger Spielkarten, Aurimagic, Barnes & Noble, Borras Plana S.A., Brohm-Parker-Spiele, Carlit, Clipper, Damm / Egmont, deSka, Editrice Giochi, Edwards Dunlop And Company Limited, Epoch Co., Ltd., Estrela, Franz Schmidt, Funskool Games, General Mills, Globetrade, Hanayama, Hasbro, Inspiration tv network, JinLiLai, John Sands Pty Ltd, John Waddington Ltd., Kasco Industries, Klee, Korea Boardgames Co., Ltd., Kuvataide, Leaping Dog, Majora, MB Juegos, Metrotoy, MIKA, Miro Company, NeoTroy Games, Nilco S.A., Nýja leikfangagerðin, The Op, Oy Fenno-Alga Ab, PanGraf, Parker Spiele, Remoundo, Schmidt Spiele, Schtelber, Smeets & Schippers, Tilsit, Toltoys, Tomy, Tomy Company, Ltd. (Takara Tomy), Waddingtons, Winning Moves Games (USA), Winning Solutions (WS Game Company), Zontik Games"
Hive,2655,boardgame,7.31786,2.3177,2000,2,2,20,20,9,48941,"Abstract Strategy, Animals","Enclosure, Grid Movement, Hexagon Grid, Pattern Movement, Pieces as Map, Score-and-Reset Game, Three Dimensional Movement, Tile Placement",John Yianni,John Yianni,"Gen42 Games, Asmodee, Crómola, G3, Ghenos Games, Gigamic, HUCH!, Jolly Thinkers, Ludicus, Magellan, Oficina do Aprendiz, Productief BV, Reflexshop, Smart Zone Games, Tantrix UK Ltd., uplay.it edizioni, Vendetta, Wargames Club Publishing, Zhiyanjia"
One Night Ultimate Werewolf,147949,boardgame,7.07012,1.3776,2014,3,10,10,10,8,48433,"Bluffing, Card Game, Deduction, Horror, Party Game","Hidden Roles, Role Playing, Roles with Asymmetric Information, Traitor Game, Variable Player Powers, Voting","Ted Alspach, Akihisa Okui",Gus Batts,"Bézier Games, Games7Days, HaKubia, Lacerta, Outland, Playfun Games, Popcorn Games, Ravensburger, Rawstone, Reflexshop, Siam Board Games, UBO CnC, Viravi Edicions, White Goblin Games"
Cards Against Humanity,50381,boardgame,5.78501,1.1852,2009,4,30,30,30,17,48348,"Card Game, Humor, Mature / Adult, Party Game, Print & Play","Hand Management, Player Judge, Simultaneous Action Selection","Josh Dillon, Daniel Dranove, Eli Halpern, Ben Hantoot, David Munk, David Pinsof, Max Temkin, Eliot Weinstein",0,"Cards Against Humanity  LLC, Estrela"
Cascadia,295947,boardgame,7.96998,1.8386,2021,1,4,30,45,10,48213,"Animals, Environmental, Puzzle","End Game Bonuses, Hexagon Grid, Open Drafting, Pattern Building, Solo / Solitaire Game, Tile Placement, Variable Set-up, Victory Points as a Resource",Randy Flynn,Beth Sobel,"Flatout Games, Alderac Entertainment Group, Boardgame Mall, CMON Global Limited, CrowD Games, Delirium Games, Gém Klub Kft., Grok Games, Kaissa Chess & Games, KOSMOS, Little Rocket Games, Lord of Boards, Lucky Duck Games, MINDOK, MIPL, Regatul Jocurilor, Salta da Caixa, Terra Publica, Tower Tactic Games, White Goblin Games, 株式会社ケンビル (KenBill)"
Dominion: Intrigue,40834,boardgame,7.69351,2.4148,2009,2,6,30,30,13,48158,"Card Game, Medieval","Deck, Bag, and Pool Building, Delayed Purchase, Hand Management",Donald X. Vaccarino,"Matthias Catrein, Julien Delval, Martin Hoffmann, Tomasz Jedruszek, Alexander Jung, Lars-Arne ""Maura"" Kalusky, Ryan Laukat, Harald Lieske, Dennis Lohausen, Michael Menzel, Marcel-André Casasola Merkle, Claus Stephan, Joshua J. Stewart, Christof Tisch, Franz Vohwinkel","Rio Grande Games, 999 Games, Albi, ASS Altenburger Spielkarten, Bard Centrum Gier, Devir, Filosofia Éditions, Games Factory Publishing, Gém Klub Kft., Giochi Uniti, Hans im Glück, Hobby Japan, Hobby World, Korea Boardgames Co., Ltd., Lautapelit.fi, Stupor Mundi, Swan Panasia Co., Ltd., Vennerød Forlag AS"
Star Wars: Rebellion,187645,boardgame,8.41755,3.7415,2016,2,4,180,240,14,47605,"Civil War, Miniatures, Movies / TV / Radio theme, Science Fiction, Space Exploration, Wargame","Area Majority / Influence, Area Movement, Area-Impulse, Card Play Conflict Resolution, Contracts, Delayed Purchase, Dice Rolling, Die Icon Resolution, Events, Hand Management, Hidden Movement, Income, Once-Per-Game Abilities, Tags, Take That, Team-Based Game, Variable Player Powers, Variable Set-up, Worker Placement, Different Worker Types",Corey Konieczka,"Matt Allsopp, David Ardila, Balaskas, Tiziano Baracchi, Ryan Barger, Jorge Barrero, Cassandre Bolan, Jon Bosco, Matt Bradbury, Adam Burn, Alexandre Dainche, Christina Davis, Anthony Devine, Allen Douglas, Jose Mikhail Elloso, Tony Foti, Michele Frigo, Mariusz Gandzel, Zach Graves, Richard Hanuschek, Andrew Johanson, Jeff Lee Johnson, Jason Juta, Adam Lane, Ignacio Bazán Lazcano, Ralph McQuarrie, Mark Molnar, Jake Murray, Ameen Naksewee, David Auden Nash, Mike Nash, Maciej Rebisz, Alexandru Sabo, Tony Shasteen, Stephen Somers, Matthew Starbuck, Nicholas Stohlman, Angela Sung, Darren Tan, Ryan Valle, Jose Vega, VIKO, Magali Villeneuve, Jacob Walker, Ben Zweifel","Fantasy Flight Games, ADC Blackfire Entertainment, Asterion Press, Delta Vision Publishing, Edge Entertainment, Galakta, Galápagos Jogos, Heidelberger Spieleverlag, Hobby World, Korea Boardgames Co., Ltd."
The Resistance: Avalon,128882,boardgame,7.5254,1.7367,2012,5,10,30,30,13,46425,"Bluffing, Card Game, Deduction, Fantasy, Medieval, Negotiation, Party Game, Spies/Secret Agents","Finale Ending, Hidden Roles, Roles with Asymmetric Information, Simultaneous Action Selection, Team-Based Game, Traitor Game, Variable Player Powers, Voting",Don Eskridge,"Luis Francisco, George Patsouras, Nan Sumana, Rafał Szyma","Indie Boards & Cards, Board Game VN, Broadway Toys LTD, Devir, Edge Entertainment, Enigma (Bergsala Enigma), Fantasmagoria, Geekach Games, Gém Klub Kft., Heidelberger Spieleverlag, Hobby Japan, Kaissa Chess & Games, Korea Boardgames Co., Ltd., Lanlalen, Matagot, Portal Games, Raven Distribution, Wargames Club Publishing"
A Game of Thrones: The Board Game (Second Edition),103343,boardgame,7.54433,3.7227,2011,3,6,120,240,14,46296,"Bluffing, Fantasy, Negotiation, Novel-based, Political, Wargame","Advantage Token, Alliances, Area Movement, Auction/Bidding, Auction: Sealed Bid, Card Play Conflict Resolution, Events, Hand Management, Income, Negotiation, Order Counters, Prisoner's Dilemma, Race, Simultaneous Action Selection, Sudden Death Ending, Turn Order: Auction, Variable Player Powers",Christian T. Petersen,"Tomasz Jedruszek, Henning Ludvigsen","Fantasy Flight Games, ADC Blackfire Entertainment, cutia.ro, Delta Vision Publishing, Edge Entertainment, Fantasmagoria, Galakta, Galápagos Jogos, Game Harbor, Giochi Uniti, Gordion Games, Heidelberger Spieleverlag, Hobby World, Korea Boardgames Co., Ltd., Monkey Time, Siam Board Games, Stratelibri"
Cartographers,263918,boardgame,7.63344,1.8827,2019,1,100,30,45,10,45872,"Fantasy, Territory Building","Bingo, End Game Bonuses, Grid Coverage, Line Drawing, Paper-and-Pencil, Simultaneous Action Selection, Solo / Solitaire Game, Square Grid, Variable Set-up",Jordy Adan,"Luis Francisco, Lucas Ribeiro","Thunderworks Games, Arclight Games, Buró, Gen-X Games, Grok Games, Hobby World, Intrafin Games, Kaissa Chess & Games, Ludofy Creative, Mandoo Games, MIPL, Ogry Games, Outland, Pegasus Spiele, Raven Distribution, Reflexshop, Regatul Jocurilor, REXhry, Tower Tactic Games, The Wood Games, Ігромаг"
Welcome To...,233867,boardgame,7.55079,1.8336,2018,1,100,25,25,10,45430,City Building,"Bingo, Contracts, Paper-and-Pencil, Pattern Building, Simultaneous Action Selection, Solo / Solitaire Game",Benoit Turpin,Anne Heidsieck,"Blue Cocker Games, Broadway Toys LTD, Deep Water Games, Dude Games, Engames, Fever Games, GateOnGames, Gém Klub Kft., Jumping Turtle Games, Kaissa Chess & Games, Lautapelit.fi, Lifestyle Boardgames Ltd, Lord of Boards, Ludofy Creative, Pegasus Spiele, Rebel Sp. z o.o., REXhry, SD Games, sternenschimmermeer"
Android: Netrunner,124742,boardgame,7.87799,3.4015,2012,2,2,45,45,14,45045,"Bluffing, Card Game, Collectible Components, Science Fiction","Action Points, Deck Construction, Hand Management, Race, Secret Unit Deployment, Take That, Variable Player Powers","Richard Garfield, Lukas Litzsinger","Bruno Balixa, Ralph Beisner, Del Borovic, Adam S. Doyle, Amelie Hutt, Thomas Lishman, Henning Ludvigsen, Ed Mattinian, Dallas Mehlhoff, Adam Schumpert, Mark Anthony Taduran, Matt Zeilinger","Fantasy Flight Games, Arclight Games, Edge Entertainment, Galakta, Game Harbor, Giochi Uniti, Heidelberger Spieleverlag, Korea Boardgames Co., Ltd."
Mage Knight Board Game,96848,boardgame,8.08623,4.3537,2011,1,4,60,240,14,44420,"Adventure, Exploration, Fantasy, Fighting","Card Play Conflict Resolution, Cooperative Game, Deck, Bag, and Pool Building, Dice Rolling, Grid Movement, Hand Management, Hexagon Grid, Modular Board, Multi-Use Cards, Open Drafting, Role Playing, Solo / Solitaire Game, Variable Player Powers",Vlaada Chvátil,"J. Lonnee, Chris Raimo, Milan Vavroň","WizKids (I), Asmodee, Giochi Uniti, Intrafin Games, Lacerta, NECA, Pegasus Spiele, REXhry"
Smash Up,122522,boardgame,6.71003,2.0653,2012,2,4,45,45,12,44390,"Card Game, Fantasy, Humor, Pirates, Science Fiction, Zombies","Area Majority / Influence, Card Play Conflict Resolution, Deck Construction, Hand Management, Kill Steal, Open Drafting, Take That, Variable Player Powers, Variable Set-up",Paul Peterson,"Dave Allsop, Bruno Balixa, Conceptopolis, Francisco Rico Torres","Alderac Entertainment Group, Arclight Games, Bard Centrum Gier, Edge Entertainment, Galápagos Jogos, HaKubia, Hobby World, IELLO, Kaissa Chess & Games, MYBG Co., Ltd., NeoTroy Games, Pegasus Spiele, REXhry, uplay.it edizioni"
Tzolk'in: The Mayan Calendar,126163,boardgame,7.86805,3.6717,2012,2,4,90,90,13,44338,"Ancient, Civilization, Economic, Farming, Mythology","Bias, End Game Bonuses, Turn Order: Claim Action, Worker Placement","Simone Luciani, Daniele Tascini",Milan Vavroň,"Czech Games Edition, Cranio Creations, Devir, DiceTree Games, Feelindigo, GaGa Games, The Game Master BV, Heidelberger Spieleverlag, Hobby Japan, IELLO, Lex Games, MINDOK, More Fun Co., Ltd., One Moment Games, Rebel Sp. z o.o., Rio Grande Games, Zacatrus"
Great Western Trail,193738,boardgame,8.22059,3.7058,2016,2,4,75,150,12,43999,"American West, Animals, Economic","Deck, Bag, and Pool Building, Hand Management, Ownership, Set Collection, Track Movement, Variable Set-up",Alexander Pfister,Andreas Resch,"eggertspiele, 999 Games, Arclight Games, Broadway Toys LTD, Conclave Editora, Delta Vision Publishing, Ediciones MasQueOca, Gigamic, Korea Boardgames Co., Ltd., Lacerta, Ludicus, MINDOK, Pegasus Spiele, Plan B Games, Stronghold Games, uplay.it edizioni, YOKA Games, Zvezda"
Concordia,124361,boardgame,8.0995,2.9974,2013,2,5,100,100,13,43826,"Ancient, Economic, Nautical","Action Retrieval, Advantage Token, Auction: Dutch, Deck, Bag, and Pool Building, End Game Bonuses, Hand Management, Hidden Victory Points, Investment, Movement Points, Open Drafting, Point to Point Movement, Set Collection, Variable Set-up",Mac Gerdts,"Marina Fahrenbach, Mac Gerdts, Dominik Mayer","PD-Verlag, 999 Games, Cranio Creations, CrowD Games, Ediciones MasQueOca, Egmont Polska, Gém Klub Kft., Heidelberger Spieleverlag, Korea Boardgames Co., Ltd., Lex Games, New Games Order, LLC, Playfun Games, Rio Grande Games, Ystari Games"
Colt Express,158899,boardgame,7.09314,1.8255,2014,2,6,40,40,10,43535,"American West, Fighting, Trains","Action Queue, Hand Management, Memory, Programmed Movement, Take That, Turn Order: Progressive, Variable Player Powers",Christophe Raimbault,"Ian Parovel, Jordi Valbuena","Ludonaute, Asmodee, Asterion Press, Broadway Toys LTD, Fantasmagoria, Games4you, GateOnGames, Gém Klub Kft., GoKids 玩樂小子, Happy Baobab, Hobby Japan, Ideal Board Games, KADABRA, Kaissa Chess & Games, Lautapelit.fi, Lifestyle Boardgames Ltd, Lord of Boards, MeepleBR, MINDOK, Rebel Sp. z o.o., Siam Board Games"
Codenames: Duet,224037,boardgame,7.45751,1.3591,2017,2,2,15,30,11,43493,"Card Game, Deduction, Spies/Secret Agents, Word Game","Communication Limits, Cooperative Game, Push Your Luck","Vlaada Chvátil, Scot Eaton",Tomáš Kučerovský,"Czech Games Edition, Asmodee, Brain Games, Cranio Creations, Devir, DiceTree Games, Enigma (Bergsala Enigma), Fantasmagoria, GaGa Games, Gém Klub Kft., Golden Egg Games, Heidelberger Spieleverlag, Hobby Japan, IELLO, Kaissa Chess & Games, Lex Games, MINDOK, MIPL, One Moment Games, Rebel Sp. z o.o., White Goblin Games"
Caverna: The Cave Farmers,102794,boardgame,7.95891,3.7802,2013,1,7,30,210,12,42811,"Animals, Economic, Fantasy, Farming","Automatic Resource Growth, Increase Value of Unchosen Resources, Solo / Solitaire Game, Tile Placement, Turn Order: Claim Action, Worker Placement",Uwe Rosenberg,"Javier González Cava, Klemens Franz","Lookout Games, 999 Games, CrowD Games, Devir, Filosofia Éditions, Funforge, Galápagos Jogos, Gemenot, Hobby Japan, HomoLudicus, Korea Boardgames Co., Ltd., Lacerta, Ludofy Creative, Mayfair Games, MINDOK, Swan Panasia Co., Ltd., uplay.it edizioni"
Disney Villainous,256382,boardgame,6.98222,2.4823,2018,2,6,45,120,10,42161,"Card Game, Fantasy, Medieval, Movies / TV / Radio theme, Mythology, Novel-based, Pirates","Hand Management, Take That, Variable Player Powers",Prospero Hall,0,"Ravensburger, Wonder Forge"
Magic: The Gathering,463,boardgame,7.56754,3.2496,1993,2,2,20,20,13,42017,"Card Game, Collectible Components, Fantasy, Fighting","Betting and Bluffing, Closed Drafting, Deck Construction, Hand Management, Income, Interrupts, Player Elimination, Tags, Take That",Richard Garfield,"Victor Adame, Miao Aili, Randis Albion, Rob Alexander, James Allen (I), Dave Allsop, Scott Altmann, Ian Edward Ameling, Eric David Anderson, Chris J. Anderson, Dana Andrews, Glen Michael Angus, Chris Appelhans, Steve Argyle, Randy Asplund-Faith, Janet Aulisio, John Avon, Daren Bader, Volkan Baga, Scott Bailey, Drew Baker, Qi Baocheng, Julie Baroh, Tom Baxa, Edward Beard, Jr., Patrick Beel, Jason Behnke, Steven Belledin, Melissa Benson, James Bernardin, Michael Bierek, Kristen Bishop, Joel Biske, Simon Bisley, Robert Bliss, Johann Bodin, Peter Bollinger, John Bolton, Paul Bonner, Zoltan Boros, Aaron Boyd, Whit Brachna, Noah Bradley, Jacques Bredy, Aleksi Briclot, Mark Brill, Kev Brockschmidt, Gerald Brom, Sue Ellen Brown, Ron Brown, Cornelius Brudi, Michael Bruinsma, Catherine Buck, Christopher Burdett, Wesley Burt, Jeffrey R. Busch, Clyde Caldwell, Matt Cavotta, Clint Cearley, Paul Chadwick, Doug Chaffee, Jason Chan (I), David Cherry, Jin Chiaki, Ron Chironna, Christine Choi, Scott Chou, Wang Chuxiong, Ciruelo, Trevor Claxton, D. J. Cleland-Hura, Bud Cook, Mitch Cotie, John Coulthart, Carl Critchlow, jD, Daarken, Qiao Dafu, Liz Danforth, Stephen A. Daniele, Mike Danza, Geof Darrow, Al Davidson, David Day, Nelson DeCastro, Blackie del Rio, Thomas Denmark, Eric Deschamps, Ai Desheng, Brian Despain, Dennis Detwiller, Dave DeVries, Chris Dien, Tony DiTerlizzi, Kevin Dobler, Dom!, Dominick Domingo, John Donahue, William Donohoe, Brandon Dorman, Dave Dorman, Dan Dos Santos, Mike Dringenberg, Brian ""Chippy"" Dugan, Brian Durfee, Jeff Easley, Cole Eastburn, Robert Eggleton, Jesper Ejsing, Randy Elliott, Steve Ellis (I), Larry Elmore, Tristan Elwell, Rick Emond, Jeremy Enecio, Wayne England, Jason Engle, James Ernest, Vincent Evans, Glenn Fabry, Patrick Faricy, Rick Farrell, Jason Felix, Wang Feng, Richard Kane Ferguson, Cecil Fernando, Fred Fields, Steve Firchow, Scott Fischer, Marc Fishman, Tom Fleming, Kaja Foglio, Phil Foglio, Eric Fortune, Jon Foster, Anthony Francisco, Carl Frank, Dan Frazier, Frank Kelly Freas, Massimilano Frezzato, Una Fricker, J. W. Frost, Ted Galaday, John Gallagher, Randy Gallegos, Sandra Garavito, Kevin Garletts, Daniel Gelon, Donato Giancola, Thomas Gianni, Gary Gianni, Charles Gillespie, Tomas Giorello, Erik Gist, Andrew Goldhawk, Rob Gonsalves, Gerry Grace, Lucas Graciano, Adi Granov, Lars Grant-West, D. Alexander Gregory, Stuart Griffin, Yang Guangmai, Rebecca Guay-Mitchell, Brian Hagan, Kunio Hagio, Joshua Hagler, Trevor Hairsine, Nils Hamm, Justin Hampton, Scott Hampton, Yeong-Hao Han, Fred Harper, Lou Harrison, Mark Harrison, Michael C. Hayes, Don Hazeltine, Nathalie Hertz, Carol Heyer, Henry Higgenbotham, Tim Hildebrandt, Greg Hildebrandt, Yoshino Himori, David Ho, Yang Hong, Craig Hooper, Fred Hooper, Quinton Hoover, Alex Horley, Daniel Horne, David Horne, Ralph Horsley, Brian Horton, John Howe, Austin Hsu, David Hudnut, Heather Hudson, Shang Huitong, Mark Hyzer, Junichi Inoue, Ironbrush, Ittoku, Hiro Izawa, Izzy, Tyler Jacobson, Hugh Jamieson, Jeremy Jarvis, Tomasz Jedruszek, Jiaming, He Jiancheng, Liu Jianjian, Gao Jianzhang, Zhang Jiazhen, Kari Johnson, Janine Johnston, Miles Johnston, Fay Jones, Jaime Jones, Goran Josic, Qin Jun, Michael Kaluta, Kerstin Kaman, Yokota Katsumi, Tsutomu Kawade, James Kei, Doug Keith, Dave Kendall, Mike Kerr, Igor Kieryluk, Mike Kimble, Hannibal King, Scott Kirschner, Brandon Kitkouski, Nic Klein, Patrick Kochakji, Michael Koelsch, KOJI, Michael Komarck, Cos Koniotis, Karl Kopinski, Kekai Kotaki, Vance Kovacs, Yang Jun Kwon, Tom Kyffin, Ray Lago, Clint Langley, Jeff Laubenstein, Jennifer Law, Stephanie Pui-Mun Law, Alton Lawson, Khang Le, Garry Leach, April Lee, Pat Lee, Paul Lee, Ron Lemen, Alayna Lemmer-Danner, Nicola Leonard, LHQ, Daniel Ljunggren, Todd Lockwood, Lubov, Chuck Lukacs, Steve Luke, Rebekah Lynn, Howard Lyon, Larry MacDougall, Colin MacNeil, Corey Macourek, Anson Maddocks, Warren Mahy, John Malloy, Sławomir Maniak, Thomas Manning, Dylan Martens, David Martin (II), Stephan Martiniere, John Matson, Val Mayerik, Cristina McAllister, Iain McCaig, Sean McConnell, Chengo McFlingers, Martin McKenna, Harold Arthur McNeill, Véronique Meignaud, Jeff Menges, Ken Meyer, Jr., Ian Miller, Jeff Miracola, Matthew Mitchell, Cara Mitten, Christopher Moeller, Peter Mohrbacher, Malcolm David Monette, Monte Moore, Pat Morrissey, Philip Mosness, Craig Mullins, Kevin A. Murphy, Scott Murphy, Justin Murray, Andrew Murray, Jim Murray, Jon J. Muth, Jesper Myrfors, Ted Naifeh, Sun Nan, Marco Nelor, Mark A. Nelson, James Nelson, Winona Nelson, Jeff Nentrup, Terese Nielsen, Cliff Nielsen, Justin Norman, Nottsuo, David O'Connor, William O'Connor, Syuichi Obata, Kensuke Okabayashi, Okera, Ariel Olivetti, Margaret Organ-Kean, Dany Orizio, Jen Page, James Paick, Efrem Palacios, David Palumbo, Anthony Palumbo, Ryan Pancoast, Adam Paquette, Paolo Parente, Jung Park, Keith Parkinson, Lucio Parrillo, Jim Pavelec, Nick Percival, Omaha Perez, Eric Peterson, Bob Petillo, Michael Phillippi, Martina Pilcerová, Mike Ploog, Zak Plucinski, Eric Polak, Alan Pollack, Mark Poole, R. K. Post, Dermot Power, George Pratt, Steve Prescott, Vincent Proce, Puddnhead, Huang Qishi, Mike Raabe, Isabelle Rabarot, Alan Rabinowitz, Fredrik Rahmqvist, Chris Rahn, Dave Rapoza, Kathryn Rathke, Roger Raupp, Omar Rayyan, Dom  Reardon, Jeff Reitz, Jeff Remmer, Adam Rex, Wayne Reynolds, Esad Ribic, Darrell Riche, Brad Rigney, Franco Rivolli, Tony Roberts, Andrew Robinson, Mark Romanoski, Romas, Mark Rosewater, Jean-Sebastien Rossbach, Gary Rudell, Robh Ruppel, Christopher Rush, Andi Rusu, Michael G. Ryan, James Ryman, Mitsuaki Sagiri, Richard Sardinha, Mike Sass, Zina Saunders, Jana Schirmer, Dan Scott, Dan Seagrave, David Robyn Seeley, Liu Shangying, Liam Sharp, Kuang Sheng, Song Shikai, Shishizaru, Doug Shuler, Bill Sienkiewicz, Greg Simanson, Marc Simonetti, William Simpson, Mark Simpson (II), Adrian Smith, Larry Snelly, Brian Snoddy, Ding Songjian, Greg Spalenka, Ron Spears, Ron Spencer, Terry Springer, John Stanko, Greg Staples, Matthew Stawicki, Darbury Stenderu, Matt Stewart, Philip Straub, Michael Sutfin, Raymond Swanland, Justin Sweet, Arnie Swekel, Tony Szczudlo, Gábor Szikszai, Junko Taguchi, Hideaki Takamura, Bryan Talbot, Xu Tan, Zhao Tan, Philip Tan (I), Hiroshi Tanigawa, Stephen Tappin, Mark Tedin, Nènè Thomas, Joel Thomas, Richard Thomas (I), Ruth Thompson, Ben Thompson, Matt Thompson, Li Tie, Cai Tingting, Jerry Tiritilli, Junior Tomlin, Francis Tsai, Drew Tucker, Charles Urbach, Susan Van Camp, Cyril Van Der Haegen, Henry van der Linde, Svetlin Velinov, Pete Venters, Diana Vick, Marcelo Vignali, Rogério Vilela, Sal Villagran, Franz Vohwinkel, Erik Von Lehmann, Johannes Voss, Bryon Wackwitz, Kevin Walker, Ron Walotsky, Stephen Walsh, Shelly Wan, Tom Wänerstrand, Li Wang, Anthony Waters, Michael Weaver, Amy Weber, Jack Wei, Chen Weidong, Kipling West, Michael Whelan, Steve White, Richard Whitters, L. A. Williams, Brad Williams, Allen Williams, Dameon Willich, Matt Wilson (I), Jarreau Wimberly, Jim Wong, Ash Wood, Sam Wood, Richard Wright, Tang Xiaogu, Li Xiaohua, Xu Xiaoming, Qu Xin, Quan Xuejun, Ku Xueming, Gao Yan, Lin Yan, Hong Yan, Erica Yang, Kieran Yanner, Ryan Yee, Solomon Au Yeung, Ji Yong, Li Youliang, Li Yousong, Kang Yu, Fang Yue, Min Yum, Wang Yuqun, John Zeleznik, ZENTOYO, Jiang Zhuqing, Luca Zontini, Mark Zug",Wizards of the Coast
